{
  "version": 1,
  "video_completed": true,
  "slam_completed": true,
  "gaussian_completed": true,
  "mesh_completed": true,
  "slam": {
    "camera": {
      "fx": 262.5,
      "fy": 621.25,
      "cx": 159.75,
      "cy": 283.40833,
      "width": 320,
      "height": 568
    },
    "frame_count": 20,
    "keyframes": [
      {
        "index": 0,
        "timestamp": 0.0,
        "width": 320,
        "height": 568,
        "pose": {
          "rotation": [
            [
              1.0,
              0.0,
              0.0
            ],
            [
              0.0,
              1.0,
              0.0
            ],
            [
              0.0,
              0.0,
              1.0
            ]
          ],
          "translation": [
            0.0,
            0.0,
            0.0
          ]
        },
        "color_path": "checkpoints/slam/frame_000000.rgb"
      },
      {
        "index": 5,
        "timestamp": 0.16666666666666666,
        "width": 320,
        "height": 568,
        "pose": {
          "rotation": [
            [
              -0.988374,
              0.15203986,
              0.0010520983
            ],
            [
              0.15204099,
              0.9883736,
              0.00109558
            ],
            [
              -0.00087329437,
              0.0012428047,
              -0.99999905
            ]
          ],
          "translation": [
            0.07624368,
            0.997089,
            0.00058621174
          ]
        },
        "color_path": "checkpoints/slam/frame_000005.rgb"
      },
      {
        "index": 10,
        "timestamp": 0.3333333333333333,
        "width": 320,
        "height": 568,
        "pose": {
          "rotation": [
            [
              0.9872087,
              0.15943228,
              0.0004926026
            ],
            [
              0.15943228,
              -0.9872092,
              0.00004946935
            ],
            [
              0.0004941886,
              0.000029700157,
              -1.0000002
            ]
          ],
          "translation": [
            0.996797,
            0.07997238,
            0.00024735925
          ]
        },
        "color_path": "checkpoints/slam/frame_000010.rgb"
      },
      {
        "index": 15,
        "timestamp": 0.5,
        "width": 320,
        "height": 568,
        "pose": {
          "rotation": [
            [
              1.0,
              0.0,
              0.0
            ],
            [
              0.0,
              1.0,
              0.0
            ],
            [
              0.0,
              0.0,
              1.0
            ]
          ],
          "translation": [
            0.0,
            0.0,
            0.0
          ]
        },
        "color_path": "checkpoints/slam/frame_000015.rgb"
      }
    ]
  }
}